cik,company,date
0000700607,ML VENTURE PARTNERS I L P /DE/,1996-11-01
0000930364,RIDGEWOOD ELECTRIC POWER TRUST IV,1996-10-03
0000801588,PITCAIRN GROUP L P,1996-01-02
0001011845,ALLIED CAPITAL CREDIT CORP,1997-12-30
0001011845,ALLIED CAPITAL CREDIT CORP,1997-12-29
0000737243,ACORN VENTURE CAPITAL CORP,1997-11-04
0000949877,ALLIED CAPITAL MORTGAGE CORP,1997-03-31
0000842893,KAGAN MEDIA PARTNERS L P,1997-03-20
0000799723,PRATT WYLCE & LORDS LTD,1998-11-06
0001049861,GRIFFIN INDUSTRIES INC,1998-10-21
0001001587,ACCESS CAPITAL STRATEGIES COMMUNITY INV FD INC INSTIT INV PO,1998-07-07
0001000240,ACCESS CAPITAL STRATEGIES COMMUNITY INVESTMENT FUND INC,1998-07-01
0001000169,INSTITUTIONAL INVESTOR PORTFOLIO,1998-07-01
0000949882,SHERRY LANE GROWTH FUND INC,1998-03-20
0000003845,ALLIED CAPITAL CORP,1998-01-05
0000850426,ALLIED CAPITAL CORP II,1998-01-05
0000725260,ROCKIES FUND INC,1999-12-13
0001044657,UNIVERSAL BRIDGE FUND INC,1999-11-01
0000944940,WALNUT CAPITAL CORP /DE,1999-11-01
0000942378,WALNUT FINANCIAL SERVICES INC,1999-11-01
0001044658,WALNUT FUNDS INC,1999-11-01
0000746425,JMC GROUP INC,1999-08-30
0000769882,FIRST COLONIAL VENTURES LTD,1999-07-29
0000729209,BOETTCHER VENTURE CAPITAL PARTNERS L P,1999-03-24
0000933166,SIRROM CAPITAL CORP,1999-03-22
0000828847,EQUITABLE CAPITAL PARTNERS L P,1999-01-27
0000829305,EQUITABLE CAPITAL PARTNERS RETIREMENT FUND LP,1999-01-27
0000925677,AMERICAS GROWTH FUND INC,1999-01-21
0000716101,EQUITEX INC,1999-01-04
0000837227,ML OKLAHOMA VENTURE PARTNERS LIMITED PARTNERSHIP,2000-12-29
0000855567,RENAISSANCE CAPITAL PARTNERS LTD,2000-12-26
0001113999,BYZANTINE VENTURES INC,2000-12-20
0000871867,RENAISSANCE CAPITAL PARTNERS II LTD /TX/,2000-11-17
0001022105,PLYMOUTH COMMERCIAL MORTGAGE FUND,2000-03-22
0000890399,CORPORATE RENAISSANCE GROUP INC,2000-02-29
0000841687,FIDUCIARY CAPITAL PARTNERS L P,2001-12-26
0000841688,FIDUCIARY CAPITAL PENSION PARTNERS L P,2001-12-26
0001084415,ORIGIN INVESTMENT GROUP INC,2001-12-14
0000887499,COMMUNITY INVESTMENT PARTNERS II LP,2001-11-13
0001043161,COMMUNITY INVESTMENT PARTNERS III LP LLP,2001-11-13
0000856670,COMMUNITY INVESTMENT PARTNERS LP,2001-09-27
0000789538,ML VENTURE PARTNERS II LP,2001-04-02
0000813343,ML LEE ACQUISITION FUND L P,2001-01-09
0001011843,ALLIED CAPITAL SBLC CORP,2001-01-02
0000924386,RIDGEWOOD ELECTRIC POWER TRUST I,2002-01-10
0000895993,RIDGEWOOD ELECTRIC POWER TRUST II,2002-01-10
0000917032,RIDGEWOOD ELECTRIC POWER TRUST III,2002-01-10
0000843626,EQUUS CAPITAL PARTNERS LP,2003-11-12
0001077800,TECHNEST HOLDINGS INC,2003-10-01
0000826674,GROUP MANAGEMENT CORP,2003-09-08
0001039802,VENTURE LENDING & LEASING II INC,2003-08-21
0001095924,OXBOW FUND LLC,2003-04-30
0001034416,TECHNOLOGY FUNDING VENTURE CAPITAL FUND VI LLC,2003-03-27
0000840334,ML LEE ACQUISITION FUND II L P,2003-03-24
0000843387,ML LEE ACQUISITION FUND RETIREMENT ACCOUNTS II L P,2003-03-24
0001054311,SAN DIEGO SOCCER DEVELOPMENT CORP,2003-03-04
0001084263,MICHELEX CORP,2004-12-29
0001123312,YaSheng Group,2004-12-08
0000893755,TECHNOLOGY FUNDING MEDICAL PARTNERS I L P,2004-11-12
0001042482,SOUTHERN STATES POWER CO INC,2004-05-13
0000930454,UST PRIVATE EQUITY INVESTORS FUND INC,2004-03-19
0000722571,PMC CAPITAL INC,2004-03-01
0001107274,VENTURE LENDING & LEASING III INC,2005-12-21
0001128949,Global Resource CORP,2005-12-20
0000095047,CYTATION CORP,2005-12-15
0000217222,SCANNER TECHNOLOGIES CORP,2005-10-27
0001100748,5 G WIRELESS COMMUNICATIONS INC,2005-10-21
0001110737,UNICO INC /AZ/,2005-10-12
0001105301,"BRONCO ENERGY FUND, INC.",2005-09-02
0000003898,ALLIED INVESTMENT CORP,2005-08-23
0001138654,ENEFTECH CORP,2005-08-15
0001105307,MARKET INTEGRITY INC,2005-08-15
0001107998,Giant Jr. Investments Corp.,2005-07-19
0000352868,CHINA BIOPHARMACEUTICALS HOLDINGS INC,2005-06-10
0001140299,TERRA TREMA INC,2005-05-16
0001287289,BLACKROCK KELSO CAPITAL,2005-04-20
0001200934,OFC DISTRIBUTION CORP,2005-04-14
0000812301,FRANKLIN CAPITAL CORP,2005-03-31
0000821524,HAIRMAX INTERNATIONAL INC,2005-03-28
0001144499,GLOBAL LIFE SCIENCES INC,2005-02-08
0001136725,AMERICAN ENTERPRISE DEVELOPMENT CORP,2006-11-27
0000944020,"GTREX CAPITAL, INC.",2006-11-15
0001019852,"Sovereign Exploration Associates International, Inc.",2006-09-21
0001354548,T-Equity Capital Corp.,2006-09-08
0001065598,"BDC Capital, Inc.",2006-09-01
0000808066,TECHNOLOGY FUNDING PARTNERS III L P,2006-07-10
0000826595,TECHNOLOGY FUNDING VENTURE PARTNERS IV,2006-07-10
0000850877,TECHNOLOGY FUNDING VENTURE PARTNERS V,2006-07-10
0000888702,Friendlyway CORP,2006-07-06
0001102414,GREENSHIFT CORP,2006-06-30
0001040241,ACCESS CAPITAL STRATEGIES COMMUNITY INVESTMENT FUND INC/MA,2006-05-30
0000878802,Aventura Holdings Inc.,2006-05-15
0001089773,"NORTIA CAPITAL PARTNERS, INC.",2006-05-02
0001158420,M GAB DEVELOPMENT CORP,2006-04-28
0001092448,PHOENIX INTERESTS INC,2006-04-18
0001161647,"S3 INVESTMENT COMPANY, INC.",2006-04-06
0001327557,Asian American Business Development CO,2006-02-24
0001120210,"DCI USA, INC",2006-02-22
0001105301,"BRONCO ENERGY FUND, INC.",2006-02-08
0001307901,Legend Investment CORP,2006-01-25
0001006459,CELERITY SYSTEMS INC,2006-01-05
0001132686,"Winsted Holdings, Inc.",2007-10-18
0000812805,ATLANTIS BUSINESS DEVELOPMENT CORP,2007-09-19
0001107809,HYDROFLO INC,2007-07-03
0000317438,"CLX INVESTMENT COMPANY, INC.",2007-05-30
0001105310,PAR 3 SERVICES INC,2007-05-25
0001094788,"Integrative Health Technologies, Inc.",2007-05-07
0001363533,"Conihasset Capital Partners, Inc.",2007-04-20
0001111391,AMERICAN ENERGY PRODUCTION INC,2007-04-03
0000793986,CITY CAPITAL CORP,2007-04-03
0001160598,Franchise Capital CORP,2007-03-13
0001057327,COMCAM INC,2007-03-09
0001273534,BRANTLEY MEZZANINE CAPITAL CORP,2007-01-25
0000912844,Small Cap Strategies Inc,2008-11-24
0001359272,"Imperali, Inc.",2008-11-06
0001329549,Liberator BDC Inc.,2008-09-29
0000810270,"STARINVEST GROUP, INC.",2008-08-13
0001106838,"Chanticleer Holdings, Inc.",2008-07-21
0001279740,DEVELOCAP INC,2008-07-15
0001279740,DEVELOCAP INC,2008-07-14
0001281845,INNOCAP INC,2008-07-14
0000925709,MORAMERICA CAPITAL CORP,2008-05-15
0000923808,MACC PRIVATE EQUITIES INC,2008-05-05
0001137587,VitalTrust Business Development CORP,2008-03-14
0001036052,EXCELSIOR PRIVATE EQUITY FUND II INC,2008-01-29
0000755328,NeoTactix Corp,2008-01-11
0001084133,"Global Beverage Solutions, Inc.",2008-01-02
0001439675,HT Capital CORP,2009-12-10
0001321560,"Patriot Capital Funding, Inc.",2009-12-04
0001425883,Independent Film Development CORP,2009-10-05
0001098482,UTEK CORP,2009-10-01
0001021009,BRANTLEY CAPITAL CORP,2009-07-22
0001464802,HCF Acquisition LLC,2009-06-16
0001373641,"Highland Distressed Opportunities, Inc.",2009-06-15
0000919567,"RENN Global Entrepreneurs Fund, Inc.",2009-05-21
0000842722,"Double Eagle Holdings, Ltd.",2009-01-20
0001387034,PLAINFIELD DIRECT INC,2010-12-30
0001487328,"Age Reversal, Inc.",2010-12-21
0001430415,Ametrine Capital Inc,2010-11-19
0001118974,"INFINITY CAPITAL GROUP, INC.",2010-09-10
0001366823,SPRING CREEK CAPITAL CORP.,2010-08-17
0001096938,United EcoEnergy Corp.,2010-08-17
0001096935,"American Development & Investment Fund, Inc.",2010-08-16
0001363890,KAYNE ANDERSON ENERGY DEVELOPMENT CO,2010-07-07
0000003906,ALLIED CAPITAL CORP,2010-04-01
0001103076,EXCELSIOR VENTURE PARTNERS III LLC,2010-01-29
0001397081,"Residential Income Properties, Inc.",2011-11-14
0001308569,"Universal Capital Management, Inc.",2011-11-01
0001271808,VENTURE LENDING & LEASING IV INC,2011-10-31
0001287234,MARATHON CAPITAL FINANCE CORP,2011-10-18
0000923808,MACC PRIVATE EQUITIES INC,2011-10-04
0001347652,TORTOISE CAPITAL RESOURCES CORP,2011-09-21
0001023957,WESTERN PENNSYLVANIA ADVENTURE CAPITAL FUND,2011-05-04
0001471039,ZEA CAPITAL FUND LLC,2011-01-12
0000937969,BERTHEL GROWTH & INCOME TRUST I,2012-03-30
0001376067,"Venture Lending & Leasing V, Inc.",2014-08-07
0000748268,EnergyTEK Corp.,2014-07-23
0001491925,"New Mountain Finance Holdings, L.L.C.",2014-05-08
0001515173,New Mountain Finance AIV Holdings Corp,2014-04-15
0001445175,"HighLight Networks, Inc.",2014-02-11
0001445175,"HighLight Networks, Inc.",2014-02-11
0001141299,MCG CAPITAL CORP,2015-08-18
0000912844,"INVENT Ventures, Inc.",2015-07-24
0001599750,FS Energy & Power Fund II,2016-12-23
0001685711,Prospect Credit Corp,2016-12-08
0001490013,Full Circle Capital Corp,2016-11-04
0001619239,"Credit Suisse Park View BDC, Inc.",2016-09-30
0001606657,BUSINESS DEVELOPMENT Corp OF AMERICA II,2016-04-21
0001598893,"Integrity Capital Income Fund, Inc.",2017-11-14
0001609336,Griffin Capital BDC Corp.,2017-10-06
0001482199,"Venture Lending & Leasing VI, Inc.",2017-09-14
0001444706,"CROSSROADS CAPITAL, INC.",2017-06-23
0001561528,NF Investment Corp.,2017-06-13
0000893739,180 DEGREE CAPITAL CORP. /NY/,2017-03-30
0000817473,"AMERICAN CAPITAL, LTD",2017-01-03
0001514183,"Point Capital, Inc.",2018-09-28
0001581934,"American Capital Senior Floating, Ltd.",2018-09-19
0000818897,FRESHSTART VENTURE CAPITAL CORP,2018-08-07
0000822874,MEDALLION CAPITAL INC,2018-08-07
0001370754,"Special Value Continuation Partners, LP",2018-08-01
0001674786,GUGGENHEIM CREDIT INCOME FUND 2018 T,2018-04-09
0001000209,MEDALLION FINANCIAL CORP,2018-04-02
0001109697,"Encounter Technologies, Inc.",2018-01-03
0001425355,"Mill City Ventures III, Ltd",2019-12-27
0001297704,OHA Investment Corp,2019-12-19
0001617896,Corporate Capital Trust II,2019-12-18
0001579412,FS Investment Corp III,2019-12-18
0001637417,FS Investment Corp IV,2019-12-18
0001614173,"SIGULER GUFF SMALL BUSINESS CREDIT OPPORTUNITIES FUND, INC",2019-11-04
0001627515,GOLUB CAPITAL INVESTMENT Corp,2019-09-16
0001494538,"Corporate Capital Trust, Inc.",2019-04-02
0001550913,"MacKenzie Realty Capital, Inc.",2020-12-31
0001099941,"MVC CAPITAL, INC.",2020-12-23
0001827994,King Equity Group Inc.,2020-12-03
0001701724,Flat Rock Capital Corp.,2020-12-02
0001509892,Garrison Capital Inc.,2020-10-28
0001683074,Goldman Sachs Middle Market Lending Corp.,2020-10-13
0001626899,"Parkview Capital Credit, Inc.",2020-04-29
0001578620,Alcentra Capital Corp,2020-01-31
0001455656,"Rand Capital SBIC, Inc.",2021-12-30
0001557424,"Venture Lending & Leasing VII, Inc.",2021-07-19
0001525759,FS KKR Capital Corp. II,2021-06-16
0001559909,Harvest Capital Credit Corp,2021-06-10
0001674786,GUGGENHEIM CREDIT INCOME FUND 2021,2021-03-31
0001577791,Oaktree Strategic Income Corp,2021-03-19
0001577134,"Terra Income Fund 6, Inc.",2022-09-29
0001892091,AFC BDC Inc.,2022-09-16
0001844684,NC SLF Inc.,2022-08-12
0001879017,"Lafayette Square Far West BDC, Inc.",2022-06-21
0001879018,"Lafayette Square Gulf Coast BDC, Inc.",2022-06-21
0001879008,"Lafayette Square Mid-Atlantic BDC, Inc.",2022-06-21
0001508171,SLR Senior Investment Corp.,2022-04-01
0001523526,Sierra Income Corp,2022-02-25
0001642862,"Venture Lending & Leasing VIII, Inc.",2023-10-12
0001666384,"AG Twin Brook BDC, Inc.",2023-07-28
0001464963,"First Eagle Alternative Capital BDC, Inc.",2023-03-10
0001744179,"Oaktree Strategic Income II, Inc.",2023-01-23
0001587987,Newtek Business Services Corp.,2023-01-06
0001913721,AGTB Private BDC,2023-01-05
0001781870,"New Mountain Guardian III BDC, L.L.C.",2024-12-19
0002022625,Nuveen Churchill Private Credit Fund,2024-12-13
0001825590,SL Investment Corp.,2024-07-15
0001715268,"Golub Capital BDC 3, Inc.",2024-06-03
0001326003,BlackRock Capital Investment Corp,2024-03-18
0001948565,Investcorp US Institutional Private Credit Fund,2024-02-01
0001490927,Franklin BSP Lending Corp,2024-01-24
0001501729,FS Specialty Lending Fund,2025-10-28
0002018545,Franklin BSP Real Estate Debt BDC,2025-10-20
0001865174,Goldman Sachs Middle Market Lending Corp. II,2025-10-14
0001922947,Wellings Real Estate Income Fund,2025-07-25
0001571329,Logan Ridge Finance Corp.,2025-07-15
0001618697,GUGGENHEIM CREDIT INCOME FUND,2025-06-27
0001618694,GUGGENHEIM CREDIT INCOME FUND 2016 T,2025-06-27
0001618696,GUGGENHEIM CREDIT INCOME FUND 2019,2025-06-27
0001851277,Carlyle Secured Lending III,2025-03-28
0001889668,Blue Owl Technology Finance Corp. II,2025-03-24
0001617572,StHealth Capital Investment Corp,2025-01-24
0001807427,Blue Owl Capital Corp III,2025-01-13
0001999538,X1 Capital Inc.,2026-06-17
0002071136,Nuveen Churchill BDC V,2026-05-12
0001512931,MONROE CAPITAL Corp,2026-04-14
0001870267,Redwood Enhanced Income Corp.,2026-02-27
